WELL  (ARISTOCRAT), $5.84 , $4.67 
ABSOLUT, $29.88 , $6.08 
ABSOLUT CITRON, $29.88 , $6.08 
ABSOLUT MANDARIN, $26.25 , $6.08 
BELVEDERE, $38.75 , $7.47 
BELVEDERE PEACH, $38.75 , $7.47 
CIROC VODKA  AMARETOO, $38.25 , $7.47 
GREY GOOSE, $39.50 , $7.47 
KETEL ONE, $34.25 , $7.47 
KETEL ONE ORANJE, $36.40 , $7.47 
KETEL ONE CITRON, $36.40 , $7.47 
SKYY, $14.45 , $5.14 
SMIRNOFF, $10.75 , $5.14 
SMIRNOFF BLUEBERRY, $10.35 , $5.14 
SMIRNOFF CAKE, $10.35 , $5.14 
SMIRNOFF CARAMEL, $10.35 , $5.14 
SMIRNOFF CHERRY, $10.75 , $5.14 
SMIRNOFF CHERRY (750 ML), $8.06 , $5.14 
SMIRNOFF CINNAMON SUGAR, $10.35 , $5.14 
SMIRNOFF CITRUS, $10.75 , $5.14 
SMIRNOFF GRAPE, $10.35 , $5.14 
SMIRNOFF LEMON SORBET, $10.35 , $5.14 
SMIRNOFF FRUIT MANGO, $10.35 , $5.14 
SMIRNOFF MANGO, $10.35 , $5.14 
SMIRNOFF ORANGE, $10.75 , $5.14 
SMIRNOFF RASPBERRY, $10.75 , $5.14 
SMIRNOFF RASPBERRY-POMAG (750), $15.35 , $5.14 
SMIRNOFF RASBERRY-POMAG (1 LITER), $12.25 , $5.14 
SMIRNOFF VANILLA, $10.75 , $5.14 
SMIRNOFF WHIPPED, $10.75 , $5.14 
SMIRNOFF WILD HONEY, $12.10 , $5.14 
STOLICHNAYA, $19.50 , $6.54 
STOLI BLUEBERRY, $19.50 , $6.54 
STOLI PEACH, $19.50 , $6.54 
STOLI JALEPENO, $19.50 , $6.54 
STOLI RASPBERRY, $19.50 , $6.54 
STOLI VANILLA, $19.50 , $6.54 
STOLI STRAWBERRY, $19.50 , $6.54 
STOLI ELITE, $54.25 , $7.47 
TITOS, $36.78 , $6.08 
WELL (ARISTOCRAT), $6.44 , $4.67 
BEEFEATER, $25.00 , $6.07 
BOMBAY SAPPHIRE, $27.50 , $6.54 
MCCORMICK, $6.59 , $4.67 
TANQUERAY, $26.50 , $6.54 
TANQUERAY RANGPUR, $27.02 , $6.54 
WELL (CASTILLO RUM SILER), $6.75 , $4.67 
BACARDI 151, $26.00 , $6.54 
BACARDI DRAGONBERRY, $13.75 , $6.54 
BACARDI INFUSED PINEAPLE, $13.75 , $6.54 
BACARDI LIMON, $13.75 , $6.54 
BACARDI ORANGE, $13.75 , $6.54 
BACARDI SILVER, $15.92 , $6.54 
BACARDI TORCHED CHERRY, $13.75 , $6.54 
BARCARDI WOLFBERRY, $13.75 , $6.54 
"CAPTAIN MORGAN ""SPICED""", $17.00 , $6.54 
DON Q COCONUT, $12.00 , $5.14 
MALIBU COCONUT, $15.70 , $6.54 
MYERS DARK, $17.25 , $6.54 
NAKED TURTLE, $13.25 , $6.08 
RUM CHATA, $13.35 , $6.54 
SAILOR JERRY, $15.50 , $5.14 
WELL (ARANDAS ORO), $7.80 , $4.67 
CUERVO 1800, $32.10 , $6.54 
CUERVO GOLD, $20.75 , $6.08 
PATRON SILVER, $38.00 , $7.47 
PATRON XO, $21.50 , $7.47 
WELL BOURBON (ARISTOCRAT), $7.62 , $4.67 
WELL WHISKEY (BEAMS 8), $7.38 , $4.67 
BLANTONS, $42.00 , $7.74 
BULLEIT, $27.05 , $7.47 
CABIN FEVER, $20.60 ,
CANADIAN CLUB, $19.70 , $5.14 
CROWN ROYAL, $35.00 , $6.54 
CROWN ROYAL APPLE, $34.50 , $6.54 
CROWN ROYAL BLACK, $40.07 , $7.47 
CROWN ROYAL MAPLE, $34.50 , $6.54 
DICKEL, $18.05 , $6.08 
DICKEL #8, $32.53 , $6.08 
FIREBALL, $15.00 , $6.07 
JACK DANIELS, $32.53 , $6.54 
JACK DANIELS HONEY GRAIN, $34.68 , $6.54 
JIM BEAM, $18.70 , $5.14 
KNOB CREEK, $42.60 , $6.54 
MAKERS MARK, $25.45 , $6.54 
MAKERS MARK (750ml), $19.09 , $6.54 
SEAGRAMS 7 (1 L), $16.50 , $5.14 
SEAGRAMS 7 (750 ML), $11.00 , $5.14 
SEAGRAMS VO, $18.50 , $5.14 
SO COMFORT, $16.25 , $6.54 
WILD TURKEY, $20.00 , $6.08 
WELL (100 PIPERS), $8.53 , $4.67 
BUSHMILLS, $29.58 , $5.14 
CHIVAS, $46.90 , $7.47 
DEWARS, $26.40 , $6.54 
GLENFIDDICH, $49.00 , $9.34 
GLENLIVET , $54.60 , $7.47 
J WALKER BLACK, $46.90 , $7.47 
J WALKER RED, $27.75 , $6.54 
J&B, $25.50 , $6.08 
JAMESONS, $34.50 , $6.54 
WELL (ARISTOCRAT), $10.08 ,
D'USSE COGNAC VSOP, $46.10 ,
HENNESSEY VS, $45.50 ,
AMARETTO (DEKUYPER), $9.38 ,
APPLE PUCKER (DEKUYPER), $9.38 ,
BANANA  (DEKUYPER), $9.38 ,
BLACK RASPBERRY (BOLS), $9.75 ,
BLACK BERRY BRANDY (DEKUYPER),$12.98 ,
BLUE CURACAO (DEKUYPER), $9.38 ,
BUTTERSCOTCH (DEKUYPER), $9.38 ,
CR DE CACAO DK (DEKUYPER), $5.76 ,
(DISCON)CR DE CACAO WH (DEKUYPER), $11.95 ,
CR DE MENTHE WH (DEKUYPER), $11.95 ,
MELON (DEKUYPER), $10.70 ,
PEACHTREE (DEKUYPER), $9.38 ,
PEPPERMINT  (DEKUYPER), $12.98 ,
SLOE GIN (DEKUYPER), $12.73 ,
TRIPLE SEC (DEKUYPER), $7.25 ,
VERMOUTH DRY (CINZANO), $5.50 ,
VERMOUTH SWEET (CINZANO), $11.50 ,
WATERMELON PUCKER (DEKUYPER), $9.08 ,
BAILEYS, $28.50 ,
CAMPARI, $32.90 ,
COINTREAU, $38.95 ,
CHAMBORD, $27.85 ,
COFFEE LIQUEUR (DEKUYPER), $12.73 ,
DI SARONNA, $27.00 ,
DRAMBUIE, $45.15 ,
FRANGELICO, $30.10 ,
GODIVA DARK, $24.80 ,
GOLDSCHLAGER, $26.75 ,
GRAND MARNIER, $42.75 ,
JAGERMEISTER, $23.00 ,
KAHLUA, $27.62 ,
LICOR 43, $30.23 ,
McCORMICK IRISH, $9.99 ,
MIDORI MELON, $25.10 ,
PUMPKIN SPICE (BOL'S), $11.45 ,
RUMPLEMINTZ, $28.90 ,
"SAMBUCA ""BLACK""", $23.30 ,
"SAMBUCA ""WHITE""", $31.65 ,
TAUCA, $30.25 ,
BNB COKE (5 gallon), $69.99 ,
BNB CRANBERRY (3 gallon), $75.71 ,
BNB DIET COKE (5 gallon), $71.99 ,
 BNB GINGER ALE (3 gallon), $33.49 ,
BNB NITRO FUEL (3 gallon), $57.38 ,
BNB LIMON LIME (5 gallon), $48.06 ,
BNB SWEET AND SOUR (5 gallon), $61.16 ,
BNB TONIC (3 gallon), $33.49 ,
DAILEYS LIME, $3.50 ,
DAILEYS GRENADINE, $3.00 ,
MARGARITA (DAILY'S) 64 oz, $5.66 ,
ORANGE JUICE (1 GAL), $2.87 ,
PIMENTOS, $5.30 ,
PINA COLADA (DAILY'S) 64 oz, $3.85 ,
RED BULL (8.4 oz), $1.46 ,
RED BULL SUGAR FEE (8.4 oz), $1.46 ,
SPARKLING WATER, $0.21 ,
STRAWBERRY DAQUIRI 64oz, $2.89 ,
CABERNET 1.5L (VENDANGE), $7.00 , $5.37 
CHANDON CHAMPAGNE, $13.00 ,
CHARDONNAY 1.5L ( BEAUJLIEU ), $12.24 , $5.37 
COOKS BRUT CHAMPAGNE, $5.75 , $5.37 
MERLOT 750ML( CENTURY CELLARS), $4.50 , $5.37 
MOSCATO WHITE (STELLINA  DI NOTTE), $6.75 , $7.47 
PINOT GRIGIO (DOMINO), $6.75 , $5.37 
PORT (COCK BURNS), $14.55 ,
PINIOT NOIR (REX GOLIATH), $4.40 , $5.37 
 SAUVIGNON BLANC (CROSSINGS) , $10.30 , $5.37 
STERLING RIESLING (VINT COL) 750 ML, $8.75 , $5.37 
WH ZIN (BLOSSOM HILL 1.75 ML), $6.00 , $5.37 
